[
    {
        "board info": [
            3, 4,
            0, 2, 1, 1, 1,
            1, 5, 3, 1, 2, 1, 3, 2, 2,
            1, 6, 3, 2, 1, 3, 1, 3, 2,
            1, 5, 2, 2, 3, 3, 3
        ],
        "difficulty": 1
    },
    {
        "board info": [
            3, 5,
            2, 1, 2, 1, 1, 2, 1,
            1, 4, 2, 1, 2, 1, 3,
            2, 1, 2, 2, 2, 2, 3,
            1, 5, 2, 3, 1, 3, 2,
            0, 1, 1, 3, 3 
        ],
        "difficulty": 2
    },
    {
        "board info": [
            3, 5,
            4, 2, 2, 1, 1, 1, 2,
            3, 3, 2, 1, 3, 2, 3,
            3, 6, 2, 2, 1, 3, 1,
            0, 3, 1, 2, 2,
            2, 1, 2, 3, 2, 3, 3
        ],
        "difficulty": 3
    },
    {
        "board info": [
            3, 5,
            5, 0, 2, 1, 1, 2, 1,
            6, 8, 2, 1, 2, 1, 3,
            4, 2, 2, 2, 2, 3, 2,
            3, 3, 2, 2, 3, 3, 3,
            0, 2, 1, 3, 1
        ],
        "difficulty": 4
    },
    {
        "board info": [
            4, 8,
            2, 2, 2, 1, 1, 2, 1,
            3, 12, 2, 1, 2, 1, 3,
            4, 3, 2, 1, 4, 2, 4,
            1, 7, 3, 2, 2, 3, 1, 3, 2,
            4, 3, 2, 2, 3, 3, 3,
            0, 2, 1, 3, 4,
            3, 3, 2, 4, 1, 4, 2,
            1, 6, 2, 4, 3, 4, 4
        ],
        "difficulty": 1
    },
    {
        "board info": [
            4, 8,
            3, 4, 2, 1, 1, 2, 1,
            4, 3, 2, 1, 2, 1, 3,
            5, 2, 2, 1, 4, 2, 4,
            1, 9, 3, 2, 2, 3, 1, 3, 2,
            2, 1, 2, 2, 3, 3, 3,
            0, 1, 1, 3, 4,
            4, 2, 2, 4, 1, 4, 2,
            6, 64, 2, 4, 3, 4, 4
        ],
        "difficulty": 2
    },
    {
        "board info": [
            4, 8,
            5, 1, 2, 1, 1, 2, 1,
            4, 3, 2, 1, 2, 1, 3,
            3, 2, 2, 1, 4, 2, 4,
            1, 6, 2, 2, 2, 2, 3,
            4, 2, 2, 3, 1, 4, 1,
            1, 5, 2, 3, 2, 4, 2,
            6, 1, 2, 3, 3, 3, 4,
            2, 1, 2, 4, 3, 4, 4
        ],
        "difficulty": 3
    },
    {
        "board info": [
            4, 8,
            2, 2, 2, 1, 1, 2, 1,
            3, 24, 3, 1, 2, 1, 3, 1, 4,
            6, 2, 2, 2, 2, 2, 3,
            1, 5, 2, 2, 4, 3, 4,
            5, 1, 2, 3, 1, 3, 2,
            0, 4, 1, 3, 3,
            4, 2, 2, 4, 1, 4, 2,
            1, 4, 2, 4, 3, 4, 4
        ],
        "difficulty": 4
    },
    {
        "board info": [
            5, 13,
            4, 2, 2, 1, 1, 1, 2,
            3, 15, 3, 1, 3, 1, 4, 1, 5,
            2, 2, 2, 2, 1, 3, 1,
            2, 1, 2, 2, 2, 2, 3,
            0, 2, 1, 2, 4,
            4, 4, 2, 2, 5, 3, 5,
            0, 5, 1, 3, 2,
            6, 9, 2, 3, 3, 3, 4,
            3, 15, 2, 4, 1, 4, 2,
            1, 7, 2, 4, 3, 5, 3,
            4, 4, 2, 4, 4, 5, 4,
            3, 10, 2, 4, 5, 5, 5,
            2, 1, 2, 5, 1, 5, 2
        ],
        "difficulty": 1
    },
    {
        "board info": [
            5, 13,
            1, 4, 2, 1, 1, 2, 1,
            2, 1, 2, 1, 2, 2, 2,
            2, 3, 2, 1, 3, 2, 3,
            3, 8, 2, 1, 4, 1, 5,
            6, 1, 2, 2, 4, 2, 5,
            2, 2, 2, 3, 1, 3, 2,
            1, 8, 2, 3, 3, 3, 4,
            2, 2, 2, 3, 5, 4, 5,
            1, 7, 2, 4, 1, 5, 1,
            2, 4, 2, 4, 2, 5, 2,
            5, 1, 2, 4, 3, 5, 3,
            1, 7, 2, 4, 4, 5, 4,
            0, 2, 1, 5, 5
        ],
        "difficulty": 2
    },
    {
        "board info": [
            5, 11,
            1, 7, 3, 1, 1, 2, 1, 2, 2,
            3, 10, 2, 1, 2, 1, 3,
            1, 7, 3, 1, 4, 1, 5, 2, 5,
            2, 1, 2, 2, 3, 2, 4,
            2, 3, 2, 3, 1, 3, 2,
            6, 25, 2, 3, 3, 3, 4,
            1, 8, 2, 3, 5, 4, 5,
            5, 1, 2, 4, 1, 5, 1,
            1, 7, 2, 4, 2, 4, 3,
            1, 8, 3, 4, 4, 5, 4, 5, 5,
            4, 2, 2, 5, 2, 5, 3
        ],
        "difficulty": 3
    },
    {
        "board info": [
            5, 10,
            1, 7, 2, 1, 1, 2, 1,
            3, 6, 3, 1, 2, 2, 2, 3, 2,
            3, 40, 3, 1, 3, 2, 3, 3, 3,
            1, 4, 2, 1, 4, 1, 5,
            6, 25, 2, 2, 4, 2, 5,
            3, 10, 3, 3, 1, 4, 1, 5, 1,
            3, 20, 2, 3, 4, 3, 5,
            5, 0, 2, 4, 2, 4, 3,
            1, 9, 3, 4, 4, 4, 5, 5, 5,
            1, 9, 3, 5, 2, 5, 3, 5, 4
        ],
        "difficulty": 4
    },
    {
        "board info": [
            6, 19,
            1, 9, 2, 1, 1, 2, 1,
            3, 36, 4, 1, 2, 1, 3, 1, 4, 1, 5,
            0, 5, 1, 1, 6,
            2, 1, 2, 2, 2, 2, 3,
            1, 6, 2, 2, 4, 3, 4,
            2, 5, 2, 2, 5, 3, 5,
            0, 6, 1, 2, 6,
            4, 3, 2, 3, 1, 4, 1,
            4, 5, 2, 3, 2, 4, 2,
            2, 1, 2, 3, 3, 4, 3,
            3, 6, 2, 3, 6, 4, 6,
            1, 10, 2, 4, 4, 4, 5,
            3, 12, 2, 5, 1, 6, 1,
            3, 12, 2, 5, 2, 6, 2,
            4, 6, 2, 5, 3, 6, 3,
            3, 10, 2, 5, 4, 5, 5,
            0, 4, 1, 5, 6,
            2, 2, 2, 6, 4, 6, 5,
            0, 1, 1, 6, 6
        ],
        "difficulty": 1
    },
    {
        "board info": [
            6, 18,
            3, 6, 3, 1, 1, 1, 2, 1, 3,
            2, 2, 2, 1, 4, 2, 4,
            3, 30, 2, 1, 5, 1, 6,
            0, 3, 1, 2, 1,
            1, 12, 4, 2, 2, 2, 3, 3, 1, 3, 2,
            4, 2, 2, 2, 5, 2, 6,
            3, 18, 2, 3, 3, 3, 4,
            2, 1, 2, 3, 5, 3, 6,
            5, 1, 2, 4, 1, 4, 2,
            1, 6, 2, 4, 3, 5, 3,
            4, 5, 2, 4, 4, 5, 4,
            6, 9, 2, 4, 5, 4, 6,
            0, 5, 1, 5, 1,
            0, 6, 1, 5, 2,
            2, 3, 2, 5, 5, 6, 5,
            4, 2, 2, 5, 6, 6, 6,
            6, 625, 2, 6, 1, 6, 2,
            2, 1, 2, 6, 3, 6, 4
        ],
        "difficulty": 2
    },
    {
        "board info": [
            6, 19,
            1, 7, 2, 1, 1, 2, 1,
            3, 12, 2, 1, 2, 2, 2,
            4, 2, 2, 1, 3, 2, 3,
            4, 4, 2, 1, 4, 1, 5,
            0, 5, 1, 1, 6,
            6, 64, 2, 2, 4, 3, 4,
            1, 3, 2, 2, 5, 2, 6,
            4, 4, 2, 3, 1, 4, 1,
            1, 11, 2, 3, 2, 3, 3,
            2, 2, 2, 3, 5, 3, 6,
            2, 3, 2, 4, 2, 4, 3,
            5, 0, 2, 4, 4, 4, 5,
            1, 12, 3, 4, 6, 5, 6, 6, 6,
            3, 18, 2, 5, 1, 6, 1,
            4, 2, 2, 5, 2, 6, 2,
            0, 4, 1, 5, 3,
            2, 2, 2, 5, 4, 5, 5,
            4, 4, 2, 6, 3, 6, 4,
            0, 5, 1, 6, 5
        ],
        "difficulty": 3
    },
    {
        "board info": [
            6, 15,
            5, 1, 2, 1, 1, 1, 2,
            1, 7, 2, 1, 3, 2, 3,
            2, 5, 2, 1, 4, 2, 4,
            6, 32, 2, 1, 5, 2, 5,
            3, 3, 2, 1, 6, 2, 6,
            3, 48, 3, 2, 1, 2, 2, 3, 2,
            3, 6, 2, 3, 1, 4, 1,
            1, 11, 2, 3, 3, 3, 4,
            4, 2, 2, 3, 5, 3, 6,
            2, 4, 2, 4, 2, 4, 3,
            1, 13, 3, 4, 4, 4, 5, 4, 6,
            2, 4, 2, 5, 1, 6, 1,
            1, 10, 3, 5, 2, 6, 2, 6, 3,
            1, 11, 4, 5, 3, 5, 4, 6, 4, 6, 5,
            1, 15, 3, 5, 5, 5, 6, 6, 6
        ],
        "difficulty": 4
    },
    {
        "board info": [
            7, 23,
            3, 6, 2, 1, 1, 2, 1,
            3, 4, 2, 1, 2, 1, 3,
            3, 280, 4, 1, 4, 1, 5, 2, 4, 2, 5,
            1, 17, 4, 1, 6, 2, 6, 3, 6, 3, 7,
            6, 6, 2, 1, 7, 2, 7,
            2, 1, 2, 2, 2, 2, 3,
            5, 2, 2, 3, 1, 3, 2,
            1, 5, 2, 3, 3, 3, 4,
            6, 216, 2, 3, 5, 4, 5,
            4, 6, 2, 4, 1, 4, 2,
            3, 35, 2, 4, 3, 4, 4,
            0, 4, 1, 4, 6,
            2, 2, 2, 4, 7, 5, 7,
            1, 21, 4, 5, 1, 5, 2, 5, 3, 5, 4,
            6, 2, 2, 5, 5, 5, 6,
            1, 11, 2, 6, 1, 7, 1,
            2, 1, 2, 6, 2, 7, 2,
            0, 5, 1, 6, 3,
            4, 6, 2, 6, 4, 6, 5,
            3, 42, 2, 6, 6, 7, 6,
            1, 8, 2, 6, 7, 7, 7,
            0, 2, 1, 7, 3,
            1, 7, 2, 7, 4, 7, 5
        ],
        "difficulty": 1
    },
    {
        "board info": [
            7, 26,
            3, 84, 3, 1, 1, 2, 1, 3, 1,
            0, 6, 1, 1, 2,
            3, 15, 2, 1, 3, 1, 4,
            1, 11, 2, 1, 5, 1, 6,
            0, 1, 1, 1, 7,
            3, 2, 2, 2, 2, 2, 3,
            3, 30, 2, 2, 4, 2, 5,
            2, 1, 2, 2, 6, 2, 7,
            5, 2, 2, 3, 2, 4, 2,
            1, 10, 2, 3, 3, 4, 3,
            1, 7, 2, 3, 4, 4, 4,
            4, 7, 2, 3, 5, 3, 6,
            3, 14, 2, 3, 7, 4, 7,
            6, 4, 2, 4, 1, 5, 1,
            3, 3, 2, 4, 5, 4, 6,
            3, 21, 2, 5, 2, 5, 3,
            1, 11, 2, 5, 4, 6, 4,
            5, 2, 2, 5, 5, 6, 5,
            2, 3, 2, 5, 6, 5, 7,
            3, 15, 2, 6, 1, 7, 1,
            2, 3, 2, 6, 2, 6, 3,
            0, 5, 1, 6, 6,
            3, 18, 2, 6, 7, 7, 7,
            0, 2, 1, 7, 2,
            4, 7, 2, 7, 3, 7, 4,
            6, 4096, 2, 7, 5, 7, 6
        ],
        "difficulty": 2
    },
    {
        "board info": [
            7, 23,
            1, 10, 2, 1, 1, 2, 1,
            3, 20, 3, 1, 2, 1, 3, 1, 4,
            0, 2, 1, 1, 5,
            3, 42, 2, 1, 6, 1, 7,
            1, 8, 2, 2, 2, 3, 2,
            4, 2, 2, 2, 3, 3, 3,
            1, 10, 2, 2, 4, 2, 5,
            0, 1, 1, 2, 6,
            6, 16, 2, 2, 7, 3, 7,
            5, 1, 2, 3, 1, 4, 1,
            1, 14, 3, 3, 4, 3, 5, 4, 4,
            3, 105, 3, 3, 6, 4, 6, 4, 7,
            4, 4, 2, 4, 2, 4, 3,
            0, 6, 1, 4, 5,
            3, 30, 3, 5, 1, 5, 2, 5, 3,
            1, 13, 3, 5, 4, 5, 5, 5, 6,
            1, 10, 3, 5, 7, 6, 7, 7, 7,
            0, 6, 1, 6, 1,
            3, 14, 2, 6, 2, 6, 3,
            2, 2, 2, 6, 4, 6, 5,
            5, 1, 2, 6, 6, 7, 6,
            5, 3, 2, 7, 1, 7, 2,
            3, 6, 3, 7, 3, 7, 4, 7, 5
        ],
        "difficulty": 3
    },
    {
        "board info": [
            7, 22,
            1, 5, 2, 1, 1, 2, 1,
            5, 0, 2, 1, 2, 1, 3,
            0, 6, 1, 1, 4,
            1, 12, 2, 1, 5, 1, 6,
            1, 11, 3, 1, 7, 2, 7, 3, 7,
            2, 2, 2, 2, 2, 2, 3,
            3, 35, 2, 2, 4, 3, 4,
            1, 6, 2, 2, 5, 2, 6,
            0, 6, 1, 3, 1,
            2, 2, 2, 3, 2, 3, 3,
            6, 16, 2, 3, 5, 3, 6,
            4, 5, 2, 4, 1, 5, 1,
            1, 20, 4, 4, 2, 4, 3, 5, 3, 6, 3,
            2, 3, 2, 4, 4, 4, 5,
            3, 6, 2, 4, 6, 4, 7,
            6, 5, 2, 5, 2, 6, 2,
            1, 7, 2, 5, 4, 5, 5,
            4, 3, 2, 5, 6, 5, 7,
            3, 196, 3, 6, 1, 7, 1, 7, 2,
            1, 6, 3, 6, 4, 7, 4, 7, 3,
            6, 216, 2, 6, 5, 7, 5,
            1, 16, 4, 6, 6, 6, 7, 7, 6, 7, 7
        ],
        "difficulty": 4
    },
    {
        "board info": [
            8, 29,
            6, 36, 2, 1, 1, 1, 2,
            1, 9, 2, 1, 3, 1, 4,
            3, 210, 5, 1, 5, 2, 5, 3, 5, 2, 4, 3, 4,
            1, 19, 3, 1, 6, 2, 6, 3, 6,
            3, 90, 3, 1, 7, 1, 8, 2, 7,
            5, 1, 2, 2, 1, 2, 2,
            0, 8, 1, 2, 3,
            4, 4, 2, 2, 8, 3, 8,
            1, 7, 2, 3, 1, 4, 1,
            0, 7, 1, 3, 2,
            2, 1, 2, 3, 3, 4, 3,
            0, 4, 1, 3, 7,
            5, 4, 2, 4, 2, 5, 2,
            1, 17, 3, 4, 4, 5, 4, 6, 4,
            4, 6, 2, 4, 5, 4, 6,
            6, 8, 2, 4, 7, 4, 8,
            1, 16, 4, 5, 1, 6, 1, 6, 2, 7, 2,
            0, 7, 1, 5, 3,
            2, 5, 2, 5, 5, 5, 6,
            3, 12, 3, 5, 7, 5, 8, 6, 8,
            6, 64, 2, 6, 3, 7, 3,
            3, 80, 3, 6, 5, 6, 6, 6, 7,
            4, 8, 2, 7, 1, 8, 1,
            2, 1, 2, 7, 4, 8, 4,
            1, 15, 3, 7, 5, 8, 5, 8, 6,
            0, 1, 1, 7, 6,
            1, 12, 2, 7, 7, 8, 7,
            2, 1, 2, 7, 8, 8, 8,
            2, 4, 2, 8, 2, 8, 3
        ],
        "difficulty": 1
    },
    {
        "board info": [
            8, 28,
            6, 9, 2, 1, 1, 1, 2,
            4, 5, 2, 1, 3, 2, 3,
            3, 24, 3, 1, 4, 1, 5, 2, 4,
            1, 11, 3, 1, 6, 2, 6, 3, 6,
            3, 40, 2, 1, 7, 1, 8,
            1, 11, 3, 2, 1, 3, 1, 4, 1,
            0, 6, 1, 2, 2,
            0, 8, 1, 2, 5,
            3, 196, 3, 2, 7, 2, 8, 3, 7,
            4, 2, 2, 3, 2, 3, 3,
            1, 9, 2, 3, 4, 3, 5,
            3, 12, 3, 3, 8, 4, 7, 4, 8,
            1, 23, 4, 4, 2, 5, 1, 5, 2, 6, 1,
            1, 28, 4, 4, 3, 4, 4, 5, 3, 5, 4,
            2, 2, 2, 4, 5, 4, 6,
            6, 8, 2, 5, 5, 5, 6,
            6, 6, 2, 5, 7, 5, 8,
            3, 32, 2, 6, 2, 6, 3,
            0, 3, 1, 6, 4,
            1, 9, 2, 6, 5, 7, 5,
            2, 1, 2, 6, 6, 7, 6,
            4, 5, 2, 6, 7, 6, 8,
            1, 8, 3, 7, 1, 7, 2, 7, 3,
            1, 11, 3, 7, 4, 8, 3, 8, 4,
            5, 2, 2, 7, 7, 8, 7,
            1, 10, 2, 7, 8, 8, 8,
            3, 30, 2, 8, 1, 8, 2,
            4, 8, 2, 8, 5, 8, 6
        ],
        "difficulty": 2
    },
    {
        "board info": [
            8, 28,
            6, 3, 2, 1, 1, 2, 1,
            4, 8, 2, 1, 2, 1, 3,
            5, 3, 2, 1, 4, 1, 5,
            2, 1, 2, 1, 6, 1, 7,
            0, 2, 1, 1, 8,
            3, 21, 2, 2, 2, 3, 2,
            1, 10, 2, 2, 3, 2, 4,
            1, 22, 4, 2, 5, 2, 6, 3, 4, 3, 5,
            3, 24, 3, 3, 7, 2, 7, 3, 6,
            3, 960, 4, 2, 8, 3, 8, 4, 8, 4, 7,
            1, 9, 2, 3, 1, 4, 1,
            2, 2, 2, 3, 3, 4, 3,
            6, 25, 2, 4, 2, 5, 2,
            1, 9, 2, 4, 4, 4, 5,
            1, 9, 3, 4, 6, 5, 6, 6, 6,
            3, 14, 3, 5, 1, 6, 1, 6, 2,
            5, 2, 2, 5, 3, 6, 3,
            4, 7, 2, 5, 4, 5, 5,
            1, 14, 2, 5, 7, 5, 8,
            3, 40, 2, 6, 4, 7, 4,
            1, 6, 2, 6, 5, 7, 5,
            6, 8, 2, 6, 7, 6, 8,
            1, 18, 3, 7, 1, 8, 1, 8, 2,
            5, 0, 2, 7, 2, 7, 3,
            4, 2, 2, 7, 6, 8, 6,
            3, 7, 3, 7, 7, 7, 8, 8, 7,
            1, 10, 3, 8, 3, 8, 4, 8, 5,
            0, 7, 1, 8, 8
        ],
        "difficulty": 3
    },
    {
        "board info": [
            8, 25,
            3, 144, 3, 1, 1, 1, 2, 2, 2,
            1, 16, 4, 1, 3, 2, 3, 2, 4, 2, 5,
            0, 5, 1, 1, 4,
            4, 8, 2, 1, 5, 1, 6,
            6, 16, 2, 1, 7, 1, 8,
            3, 14, 2, 2, 1, 3, 1,
            3, 630, 5, 2, 6, 2, 7, 2, 8, 3, 6, 3, 7,
            1, 18, 4, 3, 2, 4, 2, 4, 1, 5, 1,
            3, 32, 3, 3, 3, 3, 4, 3, 5,
            0, 5, 1, 3, 8,
            1, 12, 3, 4, 3, 5, 3, 6, 3,
            2, 2, 2, 4, 4, 5, 4,
            2, 1, 2, 4, 5, 4, 6,
            4, 4, 2, 4, 7, 4, 8,
            3, 80, 3, 5, 2, 6, 2, 6, 1,
            5, 1, 2, 5, 5, 5, 6,
            4, 3, 2, 5, 7, 5, 8,
            3, 336, 4, 6, 4, 7, 4, 7, 3, 7, 2,
            3, 70, 4, 6, 5, 6, 6, 7, 5, 7, 6,
            4, 2, 2, 6, 7, 6, 8,
            3, 15, 2, 7, 1, 8, 1,
            3, 336, 3, 7, 7, 7, 8, 8, 8,
            6, 8, 2, 8, 2, 8, 3,
            4, 3, 2, 8, 4, 8, 5,
            5, 1, 2, 8, 6, 8, 7
        ],
        "difficulty": 4
    },
    {
        "board info": [
            9, 37,
            3, 56, 2, 1, 1, 1, 2,
            2, 7, 2, 1, 3, 1, 4,
            4, 5, 2, 1, 5, 2, 5,
            4, 2, 2, 1, 6, 1, 7,
            1, 13, 3, 1, 8, 1, 9, 2, 8,
            6, 9, 2, 2, 1, 3, 1,
            2, 4, 2, 2, 2, 3, 2,
            3, 12, 2, 2, 3, 2, 4,
            1, 13, 2, 2, 6, 2, 7,
            6, 25, 2, 2, 9, 3, 9,
            6, 1, 2, 3, 3, 3, 4,
            3, 324, 3, 3, 5, 3, 6, 4, 5,
            1, 15, 2, 3, 7, 3, 8,
            1, 14, 2, 4, 1, 5, 1,
            3, 6, 3, 4, 2, 4, 3, 4, 4,
            3, 20, 2, 4, 6, 4, 7,
            3, 42, 2, 4, 8, 4, 9,
            1, 17, 3, 5, 2, 6, 2, 7, 2,
            1, 17, 3, 5, 3, 5, 4, 6, 3,
            2, 4, 2, 5, 5, 5, 6,
            3, 45, 2, 5, 7, 5, 8,
            0, 1, 1, 5, 9,
            4, 5, 2, 6, 1, 7, 1,
            1, 10, 2, 6, 4, 6, 5,
            3, 32, 2, 6, 6, 7, 6,
            4, 2, 2, 6, 7, 7, 7,
            4, 3, 2, 6, 8, 6, 9,
            1, 14, 2, 7, 3, 8, 3,
            1, 18, 4, 7, 4, 7, 5, 8, 5, 8, 6,
            5, 2, 2, 7, 8, 7, 9,
            4, 4, 2, 8, 1, 8, 2,
            1, 17, 3, 8, 4, 9, 3, 9, 4,
            1, 12, 2, 8, 7, 9, 7,
            6, 81, 2, 8, 8, 9, 8,
            3, 24, 2, 8, 9, 9, 9,
            1, 12, 2, 9, 1, 9, 2,
            2, 5, 2, 9, 5, 9, 6
        ],
        "difficulty": 1
    },
    {
        "board info": [
            9, 34,
            6, 25, 2, 1, 1, 2, 1,
            4, 4, 2, 1, 2, 2, 2,
            3, 32, 2, 1, 3, 1, 4,
            2, 1, 2, 1, 5, 1, 6,
            3, 315, 4, 1, 7, 2, 7, 2, 6, 3, 6,
            1, 10, 2, 1, 8, 2, 8,
            5, 0, 2, 1, 9, 2, 9,
            3, 2268, 5, 2, 3, 3, 2, 3, 3, 3, 4, 4, 4,
            1, 7, 2, 2, 4, 2, 5,
            3, 4, 2, 3, 1, 4, 1,
            3, 6, 2, 3, 5, 4, 5,
            1, 10, 2, 3, 7, 4, 7,
            1, 13, 2, 3, 8, 3, 9,
            2, 1, 2, 4, 2, 5, 2,
            2, 3, 2, 4, 3, 5, 3,
            1, 14, 3, 4, 6, 5, 6, 5, 7,
            3, 14, 2, 4, 8, 4, 9,
            1, 13, 2, 5, 1, 6, 1,
            6, 64, 2, 5, 4, 5, 5,
            1, 7, 2, 5, 8, 6, 8,
            1, 13, 3, 5, 9, 6, 9, 7, 9,
            4, 5, 2, 6, 2, 6, 3,
            3, 15, 2, 6, 4, 7, 4,
            1, 9, 2, 6, 5, 6, 6,
            1, 11, 2, 6, 7, 7, 7,
            3, 216, 3, 7, 1, 8, 1, 9, 1,
            5, 1, 2, 7, 2, 7, 3,
            1, 22, 3, 7, 5, 7, 6, 8, 6,
            6, 36, 2, 7, 8, 8, 8,
            1, 7, 2, 8, 2, 9, 2,
            1, 22, 4, 8, 3, 8, 4, 8, 5, 9, 3,
            1, 19, 4, 8, 7, 9, 7, 9, 6, 9, 5,
            1, 18, 3, 8, 9, 9, 9, 9, 8,
            0, 1, 1, 9, 4
        ],
        "difficulty": 2
    },
    {
        "board info": [
            9, 34,
            2, 4, 2, 1, 1, 2, 1,
            4, 6, 2, 1, 2, 2, 2,
            3, 360, 4, 1, 3, 2, 3, 3, 3, 4, 3,
            3, 24, 2, 1, 4, 1, 5,
            6, 64, 2, 1, 6, 2, 6,
            3, 112, 3, 1, 7, 1, 8, 1, 9,
            3, 72, 2, 2, 4, 3, 4,
            0, 1, 1, 2, 5,
            1, 13, 4, 2, 7, 3, 7, 3, 8, 4, 8,
            0, 9, 1, 2, 8,
            1, 15, 2, 2, 9, 3, 9,
            6, 64, 2, 3, 1, 4, 1,
            1, 10, 2, 3, 2, 4, 2,
            5, 1, 2, 3, 5, 4, 5,
            1, 7, 2, 3, 6, 4, 6,
            1, 11, 2, 4, 4, 5, 4,
            1, 16, 3, 4, 7, 5, 7, 5, 8,
            3, 675, 4, 4, 9, 5, 9, 6, 9, 6, 8,
            3, 18, 3, 5, 1, 6, 1, 7, 1,
            4, 2, 2, 5, 2, 5, 3,
            3, 14, 2, 5, 5, 5, 6,
            4, 8, 2, 6, 2, 6, 3,
            3, 252, 4, 6, 4, 6, 5, 7, 4, 7, 3,
            3, 1260, 4, 6, 6, 6, 7, 7, 6, 7, 5,
            0, 2, 1, 7, 2,
            3, 144, 4, 7, 7, 7, 8, 8, 8, 8, 9,
            0, 4, 1, 7, 9,
            1, 11, 2, 8, 1, 9, 1,
            5, 4, 2, 8, 2, 9, 2,
            1, 10, 2, 8, 3, 8, 4,
            1, 18, 3, 8, 5, 8, 6, 9, 5,
            1, 16, 3, 8, 7, 9, 7, 9, 6,
            6, 1, 2, 9, 3, 9, 4,
            3, 24, 2, 9, 8, 9, 9
        ],
        "difficulty": 3
    },
    {
        "board info": [
            9, 31,
            6, 8, 2, 1, 1, 1, 2,
            1, 17, 2, 1, 3, 2, 3,
            3, 30, 4, 1, 4, 1, 5, 1, 6, 2, 4,
            1, 19, 3, 1, 7, 2, 7, 2, 8,
            5, 1, 2, 1, 8, 1, 9,
            1, 19, 3, 2, 1, 2, 2, 3, 1,
            1, 18, 4, 2, 5, 2, 6, 3, 5, 4, 5,
            4, 4, 2, 2, 9, 3, 9,
            1, 17, 3, 3, 2, 3, 3, 3, 4,
            3, 28, 3, 3, 6, 4, 6, 4, 7,
            0, 2, 1, 3, 7,
            4, 3, 2, 3, 8, 4, 8,
            3, 160, 3, 4, 1, 4, 2, 5, 2,
            3, 54, 2, 4, 3, 4, 4,
            1, 9, 2, 4, 9, 5, 9,
            3, 6, 3, 5, 1, 6, 1, 6, 2,
            3, 15, 2, 5, 3, 5, 4,
            6, 81, 2, 5, 5, 5, 6,
            2, 2, 2, 5, 7, 5, 8,
            4, 7, 2, 6, 3, 7, 3,
            5, 2, 2, 6, 4, 6, 5,
            1, 22, 4, 6, 6, 6, 7, 7, 7, 7, 8,
            3, 135, 3, 6, 8, 6, 9, 7, 9,
            3, 324, 4, 7, 1, 7, 2, 8, 1, 9, 1,
            1, 18, 3, 7, 4, 7, 5, 8, 4,
            1, 16, 3, 7, 6, 8, 5, 8, 6,
            2, 5, 2, 8, 2, 9, 2,
            5, 0, 2, 8, 3, 9, 3,
            1, 23, 4, 8, 7, 8, 8, 8, 9, 9, 9,
            1, 18, 3, 9, 4, 9, 5, 9, 6,
            6, 3, 2, 9, 7, 9, 8
        ],
        "difficulty": 4
    }
]
